Workbook

Sheet BASE
A1: descricao | B1: tipo_produto | C1: marca | D1: categoria | E1: sub_categoria
A2: ABOBORA CABOTIA | B2: ABOBORA | D2: {=XLOOKUP(B2,CONFIG!A:A,CONFIG!B:B)} -> ALIMENTOS | E2: LEGUMES
A3: ABOBORA CABOTIA KG | B3: ABOBORA | D3: {=XLOOKUP(B3,CONFIG!A:A,CONFIG!B:B)} -> ALIMENTOS | E3: LEGUMES
A4: ABOBORA PAULIST | B4: ABOBORA | D4: {=XLOOKUP(B4,CONFIG!A:A,CONFIG!B:B)} -> ALIMENTOS | E4: LEGUMES
A5: ABS INTIMUS TRI | B5: ABSORVENTE | D5: {=XLOOKUP(B5,CONFIG!A:A,CONFIG!B:B)} -> CORPO E BANHO
A6: ABSORVENTE POISE PRO | B6: ABSORVENTE | D6: {=XLOOKUP(B6,CONFIG!A:A,CONFIG!B:B)} -> CORPO E BANHO
A7: ACEM KG | B7: ACEM | D7: {=XLOOKUP(B7,CONFIG!A:A,CONFIG!B:B)} -> ALIMENTOS | E7: CARNES
A8: AC REF UNIAO 1KG | B8: ACUCAR REFINADO | C8: UNIAO | D8: {=XLOOKUP(B8,CONFIG!A:A,CONFIG!B:B)} -> ALIMENTOS
A9: ACUCAR CRISTAL DELTA | B9: ACUCAR CRISTAL | C9: DELTA | D9: {=XLOOKUP(B9,CONFIG!A:A,CONFIG!B:B)} -> ALIMENTOS
A10: ACUCAR MASCAVO VITAPAO 500GR | B10: ACUCAR MASCAVO | C10: VITAPAO | D10: {=XLOOKUP(B10,CONFIG!A:A,CONFIG!B:B)} -> ALIMENTOS
A11: ACUC CR DELTA 2KG | B11: ACUCAR CRISTAL | C11: DELTA | D11: {=XLOOKUP(B11,CONFIG!A:A,CONFIG!B:B)} -> ALIMENTOS
A12: ADESIVOS STICKERS U.N | B12: ADESIVO | D12: {=XLOOKUP(B12,CONFIG!A:A,CONFIG!B:B)} -> OUTROS
A13: AG CRYSTAL C/G 500ML | B13: AGUA COM GAS | D13: {=XLOOKUP(B13,CONFIG!A:A,CONFIG!B:B)} -> BEBIDAS
A14: AG MIN CRYST C/G 500 | B14: AGUA COM GAS | D14: {=XLOOKUP(B14,CONFIG!A:A,CONFIG!B:B)} -> BEBIDAS
A15: AGUA MIN CRYSTA | B15: AGUA COM GAS | D15: {=XLOOKUP(B15,CONFIG!A:A,CONFIG!B:B)} -> BEBIDAS
A16: AGUA MIN CRYSTAL C/G | B16: AGUA COM GAS | D16: {=XLOOKUP(B16,CONFIG!A:A,CONFIG!B:B)} -> BEBIDAS
A17: AGUA MIN MINEIRO 500 | B17: AGUA COM GAS | D17: {=XLOOKUP(B17,CONFIG!A:A,CONFIG!B:B)} -> BEBIDAS
A18: AGUA SANIT CLASSIC 2LI | B18: DESINFETANTE | D18: {=XLOOKUP(B18,CONFIG!A:A,CONFIG!B:B)} -> LIMPEZA
A19: ALCATRA | B19: ALCATRA | D19: {=XLOOKUP(B19,CONFIG!A:A,CONFIG!B:B)} -> ALIMENTOS | E19: CARNES
A20: ALCATRA KG | B20: ALCATRA | D20: {=XLOOKUP(B20,CONFIG!A:A,CONFIG!B:B)} -> ALIMENTOS
A21: ALFACE C | B21: ALFACE | D21: {=XLOOKUP(B21,CONFIG!A:A,CONFIG!B:B)} -> ALIMENTOS | E21: VERDURA
A22: ALFACE CRESPA HIDROP | B22: ALFACE | D22: {=XLOOKUP(B22,CONFIG!A:A,CONFIG!B:B)} -> ALIMENTOS
A23: ALFACE ROMANA CAIXA QUALITY | B23: ALHO | D23: {=XLOOKUP(B23,CONFIG!A:A,CONFIG!B:B)} -> ALIMENTOS
A24: ALHO CAMPEAO 200G TRITURADO | B24: ALHO | D24: {=XLOOKUP(B24,CONFIG!A:A,CONFIG!B:B)} -> ALIMENTOS
A25: ALHO KG | B25: ALHO | D25: {=XLOOKUP(B25,CONFIG!A:A,CONFIG!B:B)} -> ALIMENTOS
A26: ALHO -NACIONAL | B26: ALHO | D26: {=XLOOKUP(B26,CONFIG!A:A,CONFIG!B:B)} -> ALIMENTOS
A27: ALHO NACIONAL GRAUDO | B27: ALHO | D27: {=XLOOKUP(B27,CONFIG!A:A,CONFIG!B:B)} -> ALIMENTOS
A28: ALHO PIRATA DESID 20 | B28: ALHO | D28: {=XLOOKUP(B28,CONFIG!A:A,CONFIG!B:B)} -> ALIMENTOS
A29: ALHO PORO BELGUSTO | B29: ALHO | D29: {=XLOOKUP(B29,CONFIG!A:A,CONFIG!B:B)} -> ALIMENTOS
A30: ALHO ROXINHO TR | B30: ALHO | D30: {=XLOOKUP(B30,CONFIG!A:A,CONFIG!B:B)} -> ALIMENTOS
A31: ALMONDEGA BOVINA PT 900G SADIA | B31: ALMONDEGA | C31: SADIA | D31: {=XLOOKUP(B31,CONFIG!A:A,CONFIG!B:B)} -> ALIMENTOS | E31: CARNES
A32: ALVEJ PO VANISH SACHE 400GR PINK | B32: VANISH | C32: VANISH | D32: {=XLOOKUP(B32,CONFIG!A:A,CONFIG!B:B)} -> LIMPEZA
A33: AMAC ROUPA CONC DOWNY GF 1 5L PRIMAVERA | B33: AMACIANTE | C33: DOWNY | D33: {=XLOOKUP(B33,CONFIG!A:A,CONFIG!B:B)} -> LIMPEZA
A34: AMEIXA NACIONAL KG | B34: AMEIXA | D34: {=XLOOKUP(B34,CONFIG!A:A,CONFIG!B:B)} -> ALIMENTOS | E34: FRUTAS
A35: AMENDOA BEN CRUA 110 | B35: AMENDOA | D35: {=XLOOKUP(B35,CONFIG!A:A,CONFIG!B:B)} -> ALIMENTOS
A36: AMENDOA S/C TORRADA | B36: AMENDOA | D36: {=XLOOKUP(B36,CONFIG!A:A,CONFIG!B:B)} -> ALIMENTOS
A37: AMENDOA VILA OLIVA 150GR S/CASCA | B37: AMENDOA | D37: {=XLOOKUP(B37,CONFIG!A:A,CONFIG!B:B)} -> ALIMENTOS
A38: AMIDO MIL MAIZE 200G | B38: AMIDO DE MILHO | D38: {=XLOOKUP(B38,CONFIG!A:A,CONFIG!B:B)} -> ALIMENTOS
A39: ARROZ VASCONCELOS 5KG AG T1 | B39: ARROZ | C39: VASCONCELOS | D39: {=XLOOKUP(B39,CONFIG!A:A,CONFIG!B:B)} -> ALIMENTOS
A40: ASA FGO RESF GRANEL | B40: ASA DE FRANGO | D40: {=XLOOKUP(B40,CONFIG!A:A,CONFIG!B:B)} -> ALIMENTOS
A41: ASPARGOS | B41: ASPARGO | D41: {=XLOOKUP(B41,CONFIG!A:A,CONFIG!B:B)} -> ALIMENTOS
A42: ASSADEIRA ALUMINIO C | B42: ASSADEIRA | D42: {=XLOOKUP(B42,CONFIG!A:A,CONFIG!B:B)} -> CASA E COZINHA
A43: ATUM GDC SOL 170 | B43: ATUM | C43: GOMES | D43: {=XLOOKUP(B43,CONFIG!A:A,CONFIG!B:B)} -> ALIMENTOS
A44: ATUM GOMES COSTA 170GR SOL NATURAL | B44: ATUM NATURAL | C44: GOMES | D44: {=XLOOKUP(B44,CONFIG!A:A,CONFIG!B:B)} -> ALIMENTOS
A45: ATUM GOMES SOLIDO 17 | B45: ATUM SOLIDO | C45: GOMES | D45: {=XLOOKUP(B45,CONFIG!A:A,CONFIG!B:B)} -> ALIMENTOS
A46: AVEIA FLOCO QUA | B46: AVEIA EM FLOCOS | C46: QUAKER | D46: {=XLOOKUP(B46,CONFIG!A:A,CONFIG!B:B)} -> ALIMENTOS
A47: AVEIA FLOCO QUA | B47: AVEIA EM FLOCOS | C47: QUAKER | D47: {=XLOOKUP(B47,CONFIG!A:A,CONFIG!B:B)} -> ALIMENTOS
A48: AVEIA FLO QUAKER 200 | B48: AVEIA EM FLOCOS | C48: QUAKER | D48: {=XLOOKUP(B48,CONFIG!A:A,CONFIG!B:B)} -> ALIMENTOS
A49: AVEIA KODILAR 500G | B49: AVEIA | C49: KODILAR | D49: {=XLOOKUP(B49,CONFIG!A:A,CONFIG!B:B)} -> ALIMENTOS
A50: AVEIA QUAK 450G FINO | B50: AVEIA FINA | C50: QUAKER | D50: {=XLOOKUP(B50,CONFIG!A:A,CONFIG!B:B)} -> ALIMENTOS
A51: AVEIA QUAKER 450G | B51: AVEIA FINA | D51: {=XLOOKUP(B51,CONFIG!A:A,CONFIG!B:B)} -> ALIMENTOS
A52: AZEI ANDORINHA 500ML | B52: AZEITE | C52: ANDORINHA | D52: {=XLOOKUP(B52,CONFIG!A:A,CONFIG!B:B)} -> ALIMENTOS
A53: BACON DEF FAT PERD | B53: BACON | D53: {=XLOOKUP(B53,CONFIG!A:A,CONFIG!B:B)} -> ALIMENTOS
A54: BACON DEFUMADO FATIADO 0 25KG | B54: BACON | D54: {=XLOOKUP(B54,CONFIG!A:A,CONFIG!B:B)} -> ALIMENTOS
A55: BALA DORI GOMETS 500 | B55: BALA | D55: {=XLOOKUP(B55,CONFIG!A:A,CONFIG!B:B)} -> ALIMENTOS
A56: BALA FINI MARSH 80G | B56: BALA | D56: {=XLOOKUP(B56,CONFIG!A:A,CONFIG!B:B)} -> ALIMENTOS
A57: BANANA DA TERRA | B57: BANANA DA TERRA | D57: {=XLOOKUP(B57,CONFIG!A:A,CONFIG!B:B)} -> ALIMENTOS
A58: BANANA DA TERRA KG | B58: BANANA DA TERRA | D58: {=XLOOKUP(B58,CONFIG!A:A,CONFIG!B:B)} -> ALIMENTOS
A59: BANANA DESID. CHIPS NATURAL / FRACIONADO | B59: BANANA DESIDRATADA | D59: {=XLOOKUP(B59,CONFIG!A:A,CONFIG!B:B)} -> ALIMENTOS
A60: BANANA MACA KG | B60: BANANA MACA | D60: {=XLOOKUP(B60,CONFIG!A:A,CONFIG!B:B)} -> ALIMENTOS
A61: BANANA NANICA CRFO K | B61: BANANA NANICA | D61: {=XLOOKUP(B61,CONFIG!A:A,CONFIG!B:B)} -> ALIMENTOS | E61: FRUTAS
A62: BANANA NANICA EXT KG | B62: BANANA NANICA | D62: {=XLOOKUP(B62,CONFIG!A:A,CONFIG!B:B)} -> ALIMENTOS | E62: FRUTAS
A63: BANANA NANICA K | B63: BANANA NANICA | D63: {=XLOOKUP(B63,CONFIG!A:A,CONFIG!B:B)} -> ALIMENTOS | E63: FRUTAS
A64: BANANA NANICA KG | B64: BANANA NANICA | D64: {=XLOOKUP(B64,CONFIG!A:A,CONFIG!B:B)} -> ALIMENTOS | E64: FRUTAS
A65: BANANA NANICA KG | B65: BANANA NANICA | D65: {=XLOOKUP(B65,CONFIG!A:A,CONFIG!B:B)} -> ALIMENTOS | E65: FRUTAS
A66: BANANA NANICA - KG | B66: BANANA PRATA | D66: {=XLOOKUP(B66,CONFIG!A:A,CONFIG!B:B)} -> ALIMENTOS
A67: BANANA PRATA | B67: BANANA NANICA | D67: {=XLOOKUP(B67,CONFIG!A:A,CONFIG!B:B)} -> ALIMENTOS
A68: BANANA PRATA / NANICA | B68: BANANA PRATA | D68: {=XLOOKUP(B68,CONFIG!A:A,CONFIG!B:B)} -> ALIMENTOS | E68: FRUTAS
A69: BATATA INGL | B69: BATATA INGLESA | D69: {=XLOOKUP(B69,CONFIG!A:A,CONFIG!B:B)} -> ALIMENTOS
A70: BATATA KG | B70: BATATA | D70: {=XLOOKUP(B70,CONFIG!A:A,CONFIG!B:B)} -> ALIMENTOS
A71: BATATA LAVADA KG | B71: BATATA | D71: {=XLOOKUP(B71,CONFIG!A:A,CONFIG!B:B)} -> ALIMENTOS
A72: BATATA MONALISA CRFO | B72: BATATA | D72: {=XLOOKUP(B72,CONFIG!A:A,CONFIG!B:B)} -> ALIMENTOS
A73: BATATA PALHA ELMA CHIPS 205G FINA | B73: BATATA PALHA | C73: ELMA CHIPS | D73: {=XLOOKUP(B73,CONFIG!A:A,CONFIG!B:B)} -> ALIMENTOS
A74: BATATA PIRULITO PCT - 1 KG | B74: BATATA PALHA | D74: {=XLOOKUP(B74,CONFIG!A:A,CONFIG!B:B)} -> ALIMENTOS
A75: BAT PALH YOKI 100G | B75: BATATA PALHA | D75: {=XLOOKUP(B75,CONFIG!A:A,CONFIG!B:B)} -> ALIMENTOS
A76: BEB EN MONST 473ML | B76: ENERGETICO | D76: {=XLOOKUP(B76,CONFIG!A:A,CONFIG!B:B)} -> BEBIDAS
A77: BEBIBA ATDC BAR | B77: LEITE BARISTA | C77: ITALAC | D77: {=XLOOKUP(B77,CONFIG!A:A,CONFIG!B:B)} -> BEBIDAS
A78: BETERRABA BENAS 700G | B78: BETERRABA | D78: {=XLOOKUP(B78,CONFIG!A:A,CONFIG!B:B)} -> ALIMENTOS
A79: BETERRABA KG | B79: BETERRABA | D79: {=XLOOKUP(B79,CONFIG!A:A,CONFIG!B:B)} -> ALIMENTOS
A80: BICARBONATO KODIL 60 | B80: BICARBONATO | D80: {=XLOOKUP(B80,CONFIG!A:A,CONFIG!B:B)} -> ALIMENTOS
A81: BICARB PACHA 500G | B81: BICARBONATO | C81: PACHA | D81: {=XLOOKUP(B81,CONFIG!A:A,CONFIG!B:B)} -> ALIMENTOS
A82: BIFE ALCATRA CRFO KG | B82: ALCATRA | D82: {=XLOOKUP(B82,CONFIG!A:A,CONFIG!B:B)} -> ALIMENTOS | E82: CARNES
A83: BIFINHO DOGUITOS 65GR CARNE | B83: BIFINHO DOG | C83: DOGUITOS | D83: {=XLOOKUP(B83,CONFIG!A:A,CONFIG!B:B)} -> OUTROS
A84: BISC POLVILHO VOVO CLARA 150GR ARGO QUEIJO | B84: BISCOITO POLVILHO | C84: VOVO CLARA | D84: {=XLOOKUP(B84,CONFIG!A:A,CONFIG!B:B)} -> ALIMENTOS
A85: BISNAGUITO 300G PUL | B85: PAO BISNAGUINHA | C85: PULLMAN | D85: {=XLOOKUP(B85,CONFIG!A:A,CONFIG!B:B)} -> ALIMENTOS
A86: BISNAGUITO PULLMAN 3 | B86: PAO BISNAGUINHA | C86: PULLMAN | D86: {=XLOOKUP(B86,CONFIG!A:A,CONFIG!B:B)} -> ALIMENTOS
A87: B MAIZ MARIL 170G | B87: BOLACHA MAISENA | D87: {=XLOOKUP(B87,CONFIG!A:A,CONFIG!B:B)} -> ALIMENTOS
A88: BOMBOM FERRERO T12 | B88: BOMBOM | C88: FERRERO | D88: {=XLOOKUP(B88,CONFIG!A:A,CONFIG!B:B)} -> ALIMENTOS
A89: BOTELHO PASTEL | B89: MASSA DE PASTEL | D89: {=XLOOKUP(B89,CONFIG!A:A,CONFIG!B:B)} -> ALIMENTOS
A90: BROCOLIS FLORETE CONGELADO SAD | B90: BROCOLIS | D90: {=XLOOKUP(B90,CONFIG!A:A,CONFIG!B:B)} -> ALIMENTOS
A91: CABOTIA DESCASCADA E PICADA | B91: ABOBORA | D91: {=XLOOKUP(B91,CONFIG!A:A,CONFIG!B:B)} -> ALIMENTOS | E91: LEGUMES
A92: CABOTIA INTEIRA | B92: ABOBORA | D92: {=XLOOKUP(B92,CONFIG!A:A,CONFIG!B:B)} -> ALIMENTOS
A93: CAFE 3C 250G S MINAS | B93: CAFE GOURMET | C93: 3 CORACOES | D93: {=XLOOKUP(B93,CONFIG!A:A,CONFIG!B:B)} -> BEBIDAS
A94: CAFE 3 CORACOES 250G | B94: CAFE GOURMET | C94: 3 CORACOES | D94: {=XLOOKUP(B94,CONFIG!A:A,CONFIG!B:B)} -> BEBIDAS
A95: CAFE 3CORACOES 250G | B95: CAFE GOURMET | C95: 3 CORACOES | D95: {=XLOOKUP(B95,CONFIG!A:A,CONFIG!B:B)} -> BEBIDAS
A96: CAFE 3 CORACOES 250GR GOURMET SUL DE MINAS | B96: CAFE GOURMET | C96: 3 CORACOES | D96: {=XLOOKUP(B96,CONFIG!A:A,CONFIG!B:B)} -> BEBIDAS
A97: CAFE 3 CORACOES GOU | B97: CAFE GOURMET | C97: 3 CORACOES | D97: {=XLOOKUP(B97,CONFIG!A:A,CONFIG!B:B)} -> BEBIDAS
A98: CAFE 3 CORACOES GOU | B98: CAFE GOURMET | C98: 3 CORACOES | D98: {=XLOOKUP(B98,CONFIG!A:A,CONFIG!B:B)} -> BEBIDAS
A99: CAFE 3 CORACOES RITU | B99: CAFE GOURMET | C99: 3 CORACOES | D99: {=XLOOKUP(B99,CONFIG!A:A,CONFIG!B:B)} -> BEBIDAS
A100: CAFE 3 CORACOES RITU | B100: CAFE GOURMET | C100: 3 CORACOES | D100: {=XLOOKUP(B100,CONFIG!A:A,CONFIG!B:B)} -> BEBIDAS
...

Sheet CONFIG
A1: tipo_produto | B1: categoria
A2: ABOBORA | B2: ALIMENTOS
A3: ABSORVENTE | B3: CORPO E BANHO
A4: ACAFRAO | B4: ALIMENTOS
A5: ACEM | B5: ALIMENTOS
A6: ACUCAR CRISTAL | B6: ALIMENTOS
A7: ACUCAR MASCAVO | B7: ALIMENTOS
A8: ACUCAR REFINADO | B8: ALIMENTOS
A9: ADESIVO | B9: OUTROS
A10: AGUA COM GAS | B10: BEBIDAS
A11: ALCATRA | B11: ALIMENTOS
A12: ALFACE | B12: ALIMENTOS
... A246: MOUSSE | B246: ALIMENTOS
